"","dtime","rainfall_in","gage_uid","gage_event_uid"
"1",2025-01-18 13:30:00,0.01,25,NA
"2",2025-01-18 14:15:00,0.01,25,NA
"3",2025-01-18 14:45:00,0.01,25,NA
"4",2025-01-31 03:15:00,0.02,25,NA
"5",2025-01-31 03:45:00,0.01,25,NA
"6",2025-01-31 04:15:00,0.01,25,NA
"7",2025-01-31 14:30:00,0.01,25,56575
"8",2025-01-31 14:45:00,0.01,25,56575
"9",2025-01-31 15:00:00,0.02,25,56575
"10",2025-01-31 15:15:00,0.04,25,56575
"11",2025-01-31 15:30:00,0.01,25,56575
"12",2025-01-31 15:45:00,0.02,25,56575
"13",2025-01-31 16:00:00,0.02,25,56575
"14",2025-01-31 16:15:00,0.01,25,56575
"15",2025-01-31 16:30:00,0.01,25,56575
"16",2025-01-31 16:45:00,0.01,25,56575
"17",2025-01-31 17:00:00,0.01,25,56575
"18",2025-01-31 17:15:00,0.01,25,56575
"19",2025-01-31 17:45:00,0.02,25,56575
"20",2025-01-31 18:30:00,0.01,25,56575
"21",2025-01-31 19:00:00,0.01,25,56575
"22",2025-01-31 19:15:00,0.01,25,56575
"23",2025-01-31 19:45:00,0.01,25,56575
"24",2025-01-31 20:00:00,0.01,25,56575
"25",2025-01-31 20:15:00,0.01,25,56575
"26",2025-01-31 20:30:00,0.01,25,56575
"27",2025-01-31 20:45:00,0.01,25,56575
"28",2025-01-31 21:15:00,0.01,25,56575
"29",2025-01-31 21:30:00,0.04,25,56575
"30",2025-01-31 21:45:00,0.04,25,56575
"31",2025-01-31 22:15:00,0.01,25,56575
"32",2025-01-31 22:30:00,0.01,25,56575
"33",2025-01-31 22:45:00,0.01,25,56575
"34",2025-01-31 23:00:00,0.01,25,56575
"35",2025-01-31 23:15:00,0.01,25,56575
"36",2025-01-31 23:30:00,0.01,25,56575
"37",2025-01-31 23:45:00,0.01,25,56575
"38",2025-02-01,0.01,25,56575
"39",2025-02-01 00:15:00,0.01,25,56575
"40",2025-02-01 00:45:00,0.01,25,56575
"41",2025-02-15 15:30:00,0.01,25,56576
"42",2025-02-15 15:45:00,0.02,25,56576
"43",2025-02-15 16:00:00,0.02,25,56576
"44",2025-02-15 16:15:00,0.01,25,56576
"45",2025-02-15 16:30:00,0.02,25,56576
"46",2025-02-15 16:45:00,0.01,25,56576
"47",2025-02-15 17:30:00,0.01,25,56576
"48",2025-02-15 17:45:00,0.01,25,56576
"49",2025-02-15 18:30:00,0.02,25,56576
"50",2025-02-15 18:45:00,0.02,25,56576
"51",2025-02-15 19:00:00,0.03,25,56576
"52",2025-02-15 19:15:00,0.01,25,56576
"53",2025-02-15 19:30:00,0.01,25,56576
"54",2025-02-15 19:45:00,0.01,25,56576
"55",2025-02-15 20:00:00,0.02,25,56576
"56",2025-02-15 20:15:00,0.01,25,56576
"57",2025-02-15 20:30:00,0.01,25,56576
"58",2025-02-15 20:45:00,0.01,25,56576
"59",2025-02-15 21:00:00,0.01,25,56576
"60",2025-02-15 21:15:00,0.01,25,56576
"61",2025-02-15 21:45:00,0.02,25,56576
"62",2025-02-15 22:00:00,0.01,25,56576
"63",2025-02-15 22:15:00,0.01,25,56576
"64",2025-02-15 22:45:00,0.01,25,56576
"65",2025-02-16,0.02,25,56576
"66",2025-02-16 00:15:00,0.01,25,56576
"67",2025-02-16 00:45:00,0.01,25,56576
"68",2025-02-16 02:15:00,0.01,25,56576
"69",2025-02-16 03:15:00,0.01,25,56576
"70",2025-02-16 04:00:00,0.01,25,56576
"71",2025-02-16 04:30:00,0.01,25,56576
"72",2025-02-16 04:45:00,0.01,25,56576
"73",2025-02-16 05:00:00,0.01,25,56576
"74",2025-02-16 05:45:00,0.01,25,56576
"75",2025-02-16 06:15:00,0.01,25,56576
"76",2025-02-16 06:45:00,0.01,25,56576
"77",2025-02-16 07:15:00,0.01,25,56576
"78",2025-02-16 08:00:00,0.01,25,56576
"79",2025-02-16 08:45:00,0.01,25,56576
"80",2025-02-16 09:30:00,0.03,25,56576
"81",2025-02-16 09:45:00,0.01,25,56576
"82",2025-02-16 11:00:00,0.05,25,56576
"83",2025-02-16 11:15:00,0.03,25,56576
"84",2025-02-16 11:30:00,0.04,25,56576
"85",2025-02-16 11:45:00,0.05,25,56576
"86",2025-02-16 12:00:00,0.02,25,56576
"87",2025-02-16 12:15:00,0.06,25,56576
"88",2025-02-16 12:30:00,0.05,25,56576
"89",2025-02-16 12:45:00,0.01,25,56576
"90",2025-02-16 16:45:00,0.01,25,56576
"91",2025-02-27 12:45:00,0.01,25,NA
"92",2025-03-05 14:15:00,0.03,25,56577
"93",2025-03-05 14:30:00,0.02,25,56577
"94",2025-03-05 14:45:00,0.02,25,56577
"95",2025-03-05 15:00:00,0.01,25,56577
"96",2025-03-05 15:15:00,0.04,25,56577
"97",2025-03-05 15:30:00,0.05,25,56577
"98",2025-03-05 15:45:00,0.17,25,56577
"99",2025-03-05 16:00:00,0.2,25,56577
"100",2025-03-05 16:15:00,0.14,25,56577
"101",2025-03-05 16:30:00,0.12,25,56577
"102",2025-03-05 16:45:00,0.09,25,56577
"103",2025-03-05 17:00:00,0.15,25,56577
"104",2025-03-05 17:15:00,0.06,25,56577
"105",2025-03-05 17:30:00,0.07,25,56577
"106",2025-03-05 17:45:00,0.08,25,56577
"107",2025-03-05 18:00:00,0.06,25,56577
"108",2025-03-05 18:15:00,0.02,25,56577
"109",2025-03-05 18:30:00,0.01,25,56577
"110",2025-03-16 23:30:00,0.05,25,56578
"111",2025-03-16 23:45:00,0.39,25,56578
"112",2025-03-17,0.1,25,56578
"113",2025-03-17 00:15:00,0.09,25,56578
"114",2025-03-17 00:30:00,0.09,25,56578
"115",2025-03-17 00:45:00,0.06,25,56578
"116",2025-03-17 01:00:00,0.05,25,56578
"117",2025-03-17 01:15:00,0.06,25,56578
"118",2025-03-17 01:30:00,0.03,25,56578
"119",2025-03-17 01:45:00,0.06,25,56578
"120",2025-03-17 02:00:00,0.07,25,56578
"121",2025-03-17 02:15:00,0.04,25,56578
"122",2025-03-17 02:30:00,0.01,25,56578
"123",2025-03-17 02:45:00,0.01,25,56578
"124",2025-03-17 03:00:00,0.03,25,56578
"125",2025-03-17 03:15:00,0.03,25,56578
"126",2025-03-17 03:30:00,0.08,25,56578
"127",2025-03-17 03:45:00,0.05,25,56578
"128",2025-03-17 04:00:00,0.01,25,56578
"129",2025-03-17 04:15:00,0.01,25,56578
"130",2025-03-17 04:30:00,0.03,25,56578
"131",2025-03-17 05:00:00,0.01,25,56578
"132",2025-03-20 19:00:00,0.01,25,56579
"133",2025-03-20 19:15:00,0.04,25,56579
"134",2025-03-20 19:30:00,0.07,25,56579
"135",2025-03-20 19:45:00,0.08,25,56579
"136",2025-03-20 20:00:00,0.09,25,56579
"137",2025-03-20 20:15:00,0.06,25,56579
"138",2025-03-20 20:30:00,0.04,25,56579
"139",2025-03-20 20:45:00,0.05,25,56579
"140",2025-03-20 21:00:00,0.03,25,56579
"141",2025-03-20 21:15:00,0.03,25,56579
"142",2025-03-20 21:45:00,0.01,25,56579
"143",2025-03-20 22:00:00,0.02,25,56579
"144",2025-03-20 22:30:00,0.01,25,56579
"145",2025-03-20 22:45:00,0.01,25,56579
"146",2025-03-20 23:15:00,0.01,25,56579
"147",2025-03-23 23:45:00,0.01,25,56580
"148",2025-03-24,0.01,25,56580
"149",2025-03-24 00:45:00,0.03,25,56580
"150",2025-03-24 01:00:00,0.01,25,56580
"151",2025-03-24 01:30:00,0.02,25,56580
"152",2025-03-24 02:30:00,0.01,25,56580
"153",2025-03-24 03:15:00,0.01,25,56580
"154",2025-03-24 03:45:00,0.01,25,56580
"155",2025-03-24 04:00:00,0.01,25,56580
"156",2025-03-24 04:45:00,0.01,25,56580
"157",2025-03-24 06:15:00,0.01,25,56580
"158",2025-03-24 07:00:00,0.01,25,56580
"159",2025-03-24 07:30:00,0.01,25,56580
"160",2025-03-24 07:45:00,0.01,25,56580
"161",2025-03-24 08:15:00,0.02,25,56580
"162",2025-03-24 08:30:00,0.01,25,56580
"163",2025-03-24 08:45:00,0.02,25,56580
"164",2025-03-24 09:00:00,0.02,25,56580
"165",2025-03-24 09:15:00,0.01,25,56580
"166",2025-03-24 09:30:00,0.01,25,56580
"167",2025-03-24 09:45:00,0.01,25,56580
"168",2025-03-24 10:00:00,0.01,25,56580
"169",2025-03-24 10:30:00,0.01,25,56580
"170",2025-03-24 10:45:00,0.01,25,56580
"171",2025-03-24 11:00:00,0.02,25,56580
"172",2025-03-24 11:15:00,0.01,25,56580
"173",2025-03-24 11:30:00,0.01,25,56580
"174",2025-03-24 11:45:00,0.01,25,56580
"175",2025-03-24 12:00:00,0.01,25,56580
"176",2025-03-24 12:15:00,0.01,25,56580
"177",2025-03-24 12:30:00,0.01,25,56580
"178",2025-03-24 13:00:00,0.01,25,56580
"179",2025-03-24 13:15:00,0.01,25,56580
"180",2025-03-24 14:00:00,0.02,25,56580
"181",2025-03-24 14:15:00,0.02,25,56580
"182",2025-03-24 14:30:00,0.02,25,56580
"183",2025-03-24 14:45:00,0.01,25,56580
"184",2025-03-24 15:15:00,0.01,25,56580
"185",2025-03-31 20:15:00,0.18,25,56581
"186",2025-03-31 20:30:00,0.18,25,56581
"187",2025-03-31 20:45:00,0.18,25,56581
"188",2025-03-31 21:00:00,0.08,25,56581
"189",2025-03-31 21:15:00,0.04,25,56581
"190",2025-03-31 21:30:00,0.06,25,56581
"191",2025-03-31 21:45:00,0.03,25,56581
"192",2025-03-31 22:00:00,0.03,25,56581
"193",2025-03-31 22:15:00,0.05,25,56581
"194",2025-03-31 22:30:00,0.04,25,56581
"195",2025-03-31 22:45:00,0.05,25,56581
"196",2025-03-31 23:00:00,0.05,25,56581
"197",2025-03-31 23:15:00,0.01,25,56581
"198",2025-03-31 23:30:00,0.01,25,56581
"199",2025-03-31 23:45:00,0.01,25,56581
"200",2025-04-01,0.01,25,56581
"201",2025-04-01 00:15:00,0.01,25,56581
"202",2025-04-01 00:30:00,0.01,25,56581
"203",2025-04-01 00:45:00,0.05,25,56581
"204",2025-04-01 01:00:00,0.05,25,56581
"205",2025-04-01 01:15:00,0.03,25,56581
"206",2025-04-01 01:30:00,0.01,25,56581
"207",2025-04-03 09:15:00,0.02,25,NA
"208",2025-04-03 09:30:00,0.01,25,NA
"209",2025-04-04 04:00:00,0.3,25,56582
"210",2025-04-04 04:15:00,0.15,25,56582
"211",2025-04-04 04:30:00,0.02,25,56582
"212",2025-04-04 04:45:00,0.1,25,56582
"213",2025-04-04 05:00:00,0.08,25,56582
"214",2025-04-04 05:15:00,0.02,25,56582
"215",2025-04-04 05:30:00,0.02,25,56582
"216",2025-04-04 05:45:00,0.01,25,56582
"217",2025-04-04 06:00:00,0.03,25,56582
"218",2025-04-04 06:15:00,0.01,25,56582
"219",2025-04-05 10:00:00,0.01,25,NA
"220",2025-04-06 13:30:00,0.01,25,NA
"221",2025-04-06 14:15:00,0.01,25,NA
"222",2025-04-07 03:30:00,0.02,25,56583
"223",2025-04-07 03:45:00,0.02,25,56583
"224",2025-04-07 04:00:00,0.01,25,56583
"225",2025-04-07 06:15:00,0.01,25,56583
"226",2025-04-07 07:00:00,0.01,25,56583
"227",2025-04-07 07:15:00,0.01,25,56583
"228",2025-04-07 07:30:00,0.02,25,56583
"229",2025-04-07 07:45:00,0.01,25,56583
"230",2025-04-07 08:15:00,0.01,25,56583
"231",2025-04-07 08:30:00,0.02,25,56583
"232",2025-04-07 08:45:00,0.02,25,56583
"233",2025-04-07 09:00:00,0.01,25,56583
"234",2025-04-07 09:15:00,0.04,25,56583
"235",2025-04-07 09:30:00,0.02,25,56583
"236",2025-04-07 09:45:00,0.01,25,56583
"237",2025-04-07 10:00:00,0.01,25,56583
"238",2025-04-07 10:15:00,0.01,25,56583
"239",2025-04-07 11:00:00,0.01,25,56583
"240",2025-04-11 04:15:00,0.01,25,56584
"241",2025-04-11 05:30:00,0.01,25,56584
"242",2025-04-11 06:15:00,0.01,25,56584
"243",2025-04-11 06:30:00,0.03,25,56584
"244",2025-04-11 06:45:00,0.01,25,56584
"245",2025-04-11 07:00:00,0.04,25,56584
"246",2025-04-11 07:15:00,0.02,25,56584
"247",2025-04-11 07:30:00,0.01,25,56584
"248",2025-04-11 07:45:00,0.01,25,56584
"249",2025-04-11 08:15:00,0.01,25,56584
"250",2025-04-11 11:15:00,0.01,25,56584
"251",2025-04-11 11:45:00,0.02,25,56584
"252",2025-04-11 12:00:00,0.01,25,56584
"253",2025-04-11 12:15:00,0.01,25,56584
"254",2025-04-11 12:30:00,0.02,25,56584
"255",2025-04-11 12:45:00,0.01,25,56584
"256",2025-04-11 13:00:00,0.02,25,56584
"257",2025-04-11 13:15:00,0.01,25,56584
"258",2025-04-11 13:30:00,0.01,25,56584
"259",2025-04-11 13:45:00,0.01,25,56584
"260",2025-04-11 14:00:00,0.01,25,56584
"261",2025-04-11 14:15:00,0.01,25,56584
"262",2025-04-11 14:30:00,0.01,25,56584
"263",2025-04-11 15:00:00,0.02,25,56584
"264",2025-04-11 15:15:00,0.01,25,56584
"265",2025-04-11 15:30:00,0.02,25,56584
"266",2025-04-11 15:45:00,0.01,25,56584
"267",2025-04-11 16:00:00,0.01,25,56584
"268",2025-04-11 16:15:00,0.01,25,56584
"269",2025-04-11 16:45:00,0.01,25,56584
"270",2025-04-11 17:00:00,0.01,25,56584
"271",2025-04-11 17:15:00,0.02,25,56584
"272",2025-04-11 17:30:00,0.03,25,56584
"273",2025-04-11 17:45:00,0.01,25,56584
"274",2025-04-11 18:00:00,0.01,25,56584
"275",2025-04-11 18:15:00,0.01,25,56584
"276",2025-04-11 18:45:00,0.01,25,56584
"277",2025-04-11 19:00:00,0.01,25,56584
"278",2025-04-11 19:15:00,0.01,25,56584
"279",2025-04-11 19:30:00,0.03,25,56584
"280",2025-04-11 19:45:00,0.03,25,56584
"281",2025-04-11 20:00:00,0.03,25,56584
"282",2025-04-11 20:15:00,0.02,25,56584
"283",2025-04-11 20:30:00,0.03,25,56584
"284",2025-04-11 20:45:00,0.04,25,56584
"285",2025-04-11 21:00:00,0.04,25,56584
"286",2025-04-11 21:15:00,0.02,25,56584
"287",2025-04-11 21:45:00,0.01,25,56584
"288",2025-04-11 22:00:00,0.03,25,56584
"289",2025-04-11 22:15:00,0.03,25,56584
"290",2025-04-11 22:30:00,0.03,25,56584
"291",2025-04-11 22:45:00,0.04,25,56584
"292",2025-04-11 23:00:00,0.04,25,56584
"293",2025-04-11 23:15:00,0.07,25,56584
"294",2025-04-11 23:30:00,0.08,25,56584
"295",2025-04-11 23:45:00,0.06,25,56584
"296",2025-04-12,0.07,25,56584
"297",2025-04-12 00:15:00,0.03,25,56584
"298",2025-04-12 00:30:00,0.02,25,56584
"299",2025-04-12 00:45:00,0.02,25,56584
"300",2025-04-12 01:15:00,0.01,25,56584
"301",2025-04-12 02:45:00,0.01,25,56584
"302",2025-04-12 03:15:00,0.03,25,56584
"303",2025-04-12 03:30:00,0.01,25,56584
"304",2025-04-12 12:00:00,0.01,25,NA
"305",2025-04-15 18:00:00,0.01,25,NA
"306",2025-04-26 02:00:00,0.01,25,NA
"307",2025-04-26 02:45:00,0.01,25,NA
"308",2025-04-26 03:15:00,0.01,25,NA
"309",2025-04-26 12:00:00,0.01,25,56585
"310",2025-04-26 12:15:00,0.08,25,56585
"311",2025-04-26 12:30:00,0.01,25,56585
"312",2025-04-26 14:30:00,0.04,25,56585
"313",2025-04-26 14:45:00,0.06,25,56585
"314",2025-04-26 15:00:00,0.29,25,56585
"315",2025-04-26 15:15:00,0.18,25,56585
"316",2025-05-04 12:00:00,0.06,25,56586
"317",2025-05-04 12:15:00,0.04,25,56586
"318",2025-05-04 12:45:00,0.01,25,56586
"319",2025-05-04 15:30:00,0.01,25,56586
"320",2025-05-05 09:00:00,0.01,25,NA
"321",2025-05-05 15:15:00,0.52,25,56587
"322",2025-05-05 15:30:00,0.2,25,56587
"323",2025-05-06 07:30:00,0.01,25,NA
"324",2025-05-09 07:15:00,0.01,25,56588
"325",2025-05-09 10:30:00,0.01,25,56588
"326",2025-05-09 11:45:00,0.01,25,56588
"327",2025-05-09 12:00:00,0.01,25,56588
"328",2025-05-09 12:15:00,0.04,25,56588
"329",2025-05-09 12:30:00,0.03,25,56588
"330",2025-05-09 12:45:00,0.01,25,56588
"331",2025-05-09 13:00:00,0.01,25,56588
"332",2025-05-09 13:45:00,0.01,25,56588
"333",2025-05-13 04:30:00,0.01,25,56589
"334",2025-05-13 07:00:00,0.01,25,56589
"335",2025-05-13 09:00:00,0.01,25,56589
"336",2025-05-13 09:15:00,0.03,25,56589
"337",2025-05-13 09:30:00,0.01,25,56589
"338",2025-05-13 10:15:00,0.01,25,56589
"339",2025-05-13 13:45:00,0.02,25,56589
"340",2025-05-13 14:00:00,0.02,25,56589
"341",2025-05-13 14:15:00,0.01,25,56589
"342",2025-05-13 14:30:00,0.01,25,56589
"343",2025-05-13 15:00:00,0.05,25,56589
"344",2025-05-13 15:45:00,0.01,25,56589
"345",2025-05-13 17:15:00,0.01,25,56589
"346",2025-05-13 18:00:00,0.04,25,56589
"347",2025-05-13 18:15:00,0.03,25,56589
"348",2025-05-13 19:15:00,0.01,25,56589
"349",2025-05-13 22:00:00,0.01,25,56589
"350",2025-05-14 00:45:00,0.04,25,56589
"351",2025-05-14 01:00:00,0.06,25,56589
"352",2025-05-14 01:15:00,0.06,25,56589
"353",2025-05-14 01:30:00,0.09,25,56589
"354",2025-05-14 01:45:00,0.06,25,56589
"355",2025-05-14 02:00:00,0.04,25,56589
"356",2025-05-14 02:15:00,0.03,25,56589
"357",2025-05-14 02:30:00,0.03,25,56589
"358",2025-05-14 02:45:00,0.04,25,56589
"359",2025-05-14 03:00:00,0.1,25,56589
"360",2025-05-14 03:15:00,0.06,25,56589
"361",2025-05-14 03:30:00,0.01,25,56589
"362",2025-05-14 03:45:00,0.03,25,56589
"363",2025-05-14 04:00:00,0.05,25,56589
"364",2025-05-14 04:15:00,0.03,25,56589
"365",2025-05-14 04:30:00,0.06,25,56589
"366",2025-05-14 04:45:00,0.02,25,56589
"367",2025-05-14 05:00:00,0.01,25,56589
"368",2025-05-14 08:15:00,0.01,25,56589
"369",2025-05-14 08:30:00,0.01,25,56589
"370",2025-05-14 09:15:00,0.02,25,56589
"371",2025-05-14 09:30:00,0.24,25,56589
"372",2025-05-14 09:45:00,0.12,25,56589
"373",2025-05-14 10:15:00,0.01,25,56589
"374",2025-05-14 10:45:00,0.02,25,56589
"375",2025-05-14 11:00:00,0.01,25,56589
"376",2025-05-14 11:15:00,0.01,25,56589
"377",2025-05-14 11:30:00,0.01,25,56589
"378",2025-05-14 15:30:00,0.01,25,56589
"379",2025-05-15 04:45:00,0.02,25,NA
"380",2025-05-15 05:00:00,0.04,25,NA
"381",2025-05-16 10:30:00,0.01,25,56590
"382",2025-05-16 10:45:00,0.01,25,56590
"383",2025-05-16 11:00:00,0.46,25,56590
"384",2025-05-16 11:15:00,0.73,25,56590
"385",2025-05-16 11:30:00,0.47,25,56590
"386",2025-05-16 13:00:00,0.01,25,56590
"387",2025-05-21 10:15:00,0.01,25,56591
"388",2025-05-21 10:30:00,0.01,25,56591
"389",2025-05-21 10:45:00,0.02,25,56591
"390",2025-05-21 11:00:00,0.01,25,56591
"391",2025-05-21 11:15:00,0.01,25,56591
"392",2025-05-21 14:45:00,0.01,25,56591
"393",2025-05-21 15:30:00,0.01,25,56591
"394",2025-05-21 17:00:00,0.01,25,56591
"395",2025-05-21 20:45:00,0.01,25,56591
"396",2025-05-21 21:15:00,0.01,25,56591
"397",2025-05-21 21:30:00,0.01,25,56591
"398",2025-05-21 21:45:00,0.03,25,56591
"399",2025-05-21 22:00:00,0.04,25,56591
"400",2025-05-21 22:15:00,0.06,25,56591
"401",2025-05-21 22:30:00,0.05,25,56591
"402",2025-05-21 22:45:00,0.03,25,56591
"403",2025-05-21 23:00:00,0.01,25,56591
"404",2025-05-21 23:45:00,0.01,25,56591
"405",2025-05-22 00:15:00,0.02,25,56591
"406",2025-05-22 00:30:00,0.03,25,56591
"407",2025-05-22 00:45:00,0.01,25,56591
"408",2025-05-22 01:00:00,0.02,25,56591
"409",2025-05-22 01:15:00,0.02,25,56591
"410",2025-05-22 01:30:00,0.01,25,56591
"411",2025-05-22 01:45:00,0.01,25,56591
"412",2025-05-22 02:15:00,0.01,25,56591
"413",2025-05-22 03:30:00,0.01,25,56591
"414",2025-05-22 06:15:00,0.01,25,56591
"415",2025-05-22 11:15:00,0.01,25,56591
"416",2025-05-22 11:45:00,0.01,25,56591
"417",2025-05-22 12:15:00,0.01,25,56591
"418",2025-05-22 13:30:00,0.01,25,56591
"419",2025-05-22 14:00:00,0.01,25,56591
"420",2025-05-22 14:15:00,0.01,25,56591
"421",2025-05-22 14:45:00,0.02,25,56591
"422",2025-05-22 15:00:00,0.01,25,56591
"423",2025-05-22 15:15:00,0.01,25,56591
"424",2025-05-22 15:30:00,0.02,25,56591
"425",2025-05-22 15:45:00,0.01,25,56591
"426",2025-05-22 16:00:00,0.01,25,56591
"427",2025-05-22 16:30:00,0.01,25,56591
"428",2025-05-22 17:00:00,0.01,25,56591
"429",2025-05-22 17:15:00,0.01,25,56591
"430",2025-05-22 18:30:00,0.02,25,56591
"431",2025-05-22 18:45:00,0.02,25,56591
"432",2025-05-22 19:00:00,0.01,25,56591
"433",2025-05-22 19:15:00,0.02,25,56591
"434",2025-05-23,0.01,25,56591
"435",2025-05-23 18:15:00,0.04,25,NA
"436",2025-05-23 18:30:00,0.01,25,NA
"437",2025-05-23 18:45:00,0.01,25,NA
"438",2025-05-24 14:30:00,0.01,25,NA
"439",2025-05-28 00:15:00,0.01,25,56592
"440",2025-05-28 01:45:00,0.01,25,56592
"441",2025-05-28 02:30:00,0.01,25,56592
"442",2025-05-28 04:30:00,0.01,25,56592
"443",2025-05-28 05:00:00,0.01,25,56592
"444",2025-05-28 05:15:00,0.01,25,56592
"445",2025-05-28 05:30:00,0.01,25,56592
"446",2025-05-28 05:45:00,0.01,25,56592
"447",2025-05-28 06:15:00,0.01,25,56592
"448",2025-05-28 07:30:00,0.01,25,56592
"449",2025-05-28 08:45:00,0.01,25,56592
"450",2025-05-28 09:30:00,0.01,25,56592
"451",2025-05-28 09:45:00,0.01,25,56592
"452",2025-05-28 10:00:00,0.01,25,56592
"453",2025-05-28 10:15:00,0.01,25,56592
"454",2025-05-28 10:30:00,0.01,25,56592
"455",2025-05-28 10:45:00,0.01,25,56592
"456",2025-05-28 11:00:00,0.01,25,56592
"457",2025-05-28 11:15:00,0.01,25,56592
"458",2025-05-28 11:30:00,0.01,25,56592
"459",2025-05-28 11:45:00,0.02,25,56592
"460",2025-05-28 12:00:00,0.02,25,56592
"461",2025-05-28 12:15:00,0.02,25,56592
"462",2025-05-28 12:30:00,0.01,25,56592
"463",2025-05-28 12:45:00,0.02,25,56592
"464",2025-05-28 13:00:00,0.01,25,56592
"465",2025-05-28 14:00:00,0.01,25,56592
"466",2025-05-28 14:30:00,0.01,25,56592
"467",2025-05-28 15:15:00,0.01,25,56592
"468",2025-05-28 16:00:00,0.01,25,56592
"469",2025-05-28 16:30:00,0.01,25,56592
"470",2025-05-28 16:45:00,0.01,25,56592
"471",2025-05-28 17:30:00,0.01,25,56592
"472",2025-05-28 18:00:00,0.01,25,56592
"473",2025-05-28 18:30:00,0.01,25,56592
"474",2025-05-28 18:45:00,0.02,25,56592
"475",2025-05-28 19:00:00,0.03,25,56592
"476",2025-05-28 19:15:00,0.03,25,56592
"477",2025-05-28 19:30:00,0.02,25,56592
"478",2025-05-28 19:45:00,0.02,25,56592
"479",2025-05-28 20:00:00,0.01,25,56592
"480",2025-05-28 20:15:00,0.03,25,56592
"481",2025-05-28 20:30:00,0.04,25,56592
"482",2025-05-28 20:45:00,0.01,25,56592
"483",2025-05-28 21:15:00,0.01,25,56592
"484",2025-05-28 21:30:00,0.01,25,56592
"485",2025-05-28 21:45:00,0.01,25,56592
"486",2025-05-28 22:30:00,0.01,25,56592
"487",2025-05-28 22:45:00,0.01,25,56592
"488",2025-05-28 23:15:00,0.01,25,56592
"489",2025-05-28 23:30:00,0.01,25,56592
"490",2025-05-29 00:15:00,0.01,25,56592
"491",2025-05-29 04:00:00,0.01,25,56592
"492",2025-05-30 21:45:00,0.02,25,65253
"493",2025-05-30 22:00:00,0.01,25,65253
"494",2025-05-30 22:15:00,0.02,25,65253
"495",2025-05-30 22:30:00,0.05,25,65253
"496",2025-05-30 22:45:00,0.03,25,65253
"497",2025-05-30 23:00:00,0.18,25,65253
"498",2025-05-30 23:15:00,0.26,25,65253
"499",2025-05-30 23:30:00,0.05,25,65253
"500",2025-05-30 23:45:00,0.19,25,65253
"501",2025-05-31 05:00:00,0.01,25,65253
"502",2025-05-31 05:15:00,0.01,25,65253
"503",2025-05-31 05:30:00,0.02,25,65253
"504",2025-05-31 05:45:00,0.01,25,65253
"505",2025-05-31 06:00:00,0.01,25,65253
"506",2025-05-31 06:15:00,0.01,25,65253
"507",2025-05-31 18:30:00,0.01,25,NA
"508",2025-06-07 16:00:00,0.01,25,NA
"509",2025-06-08 14:45:00,0.01,25,NA
"510",2025-06-09 04:45:00,0.02,25,NA
"511",2025-06-10 07:30:00,0.01,25,65254
"512",2025-06-10 09:15:00,0.07,25,65254
"513",2025-06-10 09:30:00,0.18,25,65254
"514",2025-06-10 09:45:00,0.04,25,65254
"515",2025-06-10 10:15:00,0.01,25,65254
"516",2025-06-14 12:45:00,0.01,25,NA
"517",2025-06-14 23:15:00,0.04,25,65255
"518",2025-06-15 00:15:00,0.09,25,65255
"519",2025-06-15 00:30:00,0.18,25,65255
"520",2025-06-15 01:30:00,0.01,25,65255
"521",2025-06-15 02:15:00,0.03,25,65255
"522",2025-06-15 02:30:00,0.02,25,65255
"523",2025-06-15 02:45:00,0.11,25,65255
"524",2025-06-15 03:00:00,0.04,25,65255
"525",2025-06-15 03:15:00,0.02,25,65255
"526",2025-06-15 04:15:00,0.01,25,65255
"527",2025-06-15 04:30:00,0.02,25,65255
"528",2025-06-15 04:45:00,0.02,25,65255
"529",2025-06-15 05:00:00,0.05,25,65255
"530",2025-06-15 11:30:00,0.01,25,NA
"531",2025-06-18 01:00:00,0.02,25,65256
"532",2025-06-18 01:15:00,0.05,25,65256
"533",2025-06-18 01:30:00,0.01,25,65256
"534",2025-06-18 01:45:00,0.03,25,65256
"535",2025-06-18 02:00:00,0.01,25,65256
"536",2025-06-18 04:30:00,0.01,25,65256
"537",2025-06-18 10:30:00,0.01,25,65256
"538",2025-06-19 16:45:00,0.27,25,65257
"539",2025-06-19 17:00:00,0.02,25,65257
"540",2025-06-19 18:00:00,0.04,25,65257
"541",2025-06-19 18:15:00,0.02,25,65257
"542",2025-06-19 18:30:00,0.02,25,65257
"543",2025-06-25 19:00:00,0.07,25,65258
"544",2025-06-25 19:15:00,0.17,25,65258
"545",2025-06-25 19:30:00,0.01,25,65258
"546",2025-06-26 19:45:00,0.01,25,65259
"547",2025-06-26 20:00:00,0.02,25,65259
"548",2025-06-26 20:15:00,0.02,25,65259
"549",2025-06-26 20:30:00,0.03,25,65259
"550",2025-06-26 20:45:00,0.02,25,65259
"551",2025-06-26 21:00:00,0.02,25,65259
"552",2025-06-28 01:00:00,0.01,25,NA
"553",2025-06-28 01:15:00,0.03,25,NA
"554",2025-06-28 02:45:00,0.01,25,NA
"555",2025-06-30 13:45:00,0.05,25,65260
"556",2025-06-30 14:00:00,0.04,25,65260
"557",2025-06-30 16:00:00,0.1,25,65260
"558",2025-06-30 16:15:00,0.02,25,65260
"559",2025-06-30 16:30:00,0.01,25,65260
"560",2025-06-30 21:15:00,0.07,25,65260
"561",2025-06-30 21:30:00,0.07,25,65260
"562",2025-06-30 21:45:00,0.01,25,65260
"563",2025-06-30 22:30:00,0.01,25,65260
"564",2025-07-01,0.05,25,65260
"565",2025-07-01 00:15:00,0.01,25,65260
"566",2025-07-01 00:45:00,0.01,25,65260
"567",2025-07-01 01:00:00,0.06,25,65260
"568",2025-07-01 01:15:00,0.04,25,65260
"569",2025-07-01 01:30:00,0.02,25,65260
"570",2025-07-01 01:45:00,0.01,25,65260
"571",2025-07-01 02:00:00,0.01,25,65260
"572",2025-07-01 02:15:00,0.01,25,65260
"573",2025-07-01 02:45:00,0.01,25,65260
"574",2025-07-01 14:30:00,0.01,25,65516
"575",2025-07-01 14:45:00,0.06,25,65516
"576",2025-07-01 15:00:00,0.02,25,65516
"577",2025-07-01 15:15:00,0.05,25,65516
"578",2025-07-01 15:30:00,0.01,25,65516
"579",2025-07-01 16:00:00,0.02,25,65516
"580",2025-07-01 16:15:00,0.01,25,65516
"581",2025-07-01 17:15:00,0.02,25,65516
"582",2025-07-01 17:30:00,0.08,25,65516
"583",2025-07-01 18:00:00,0.01,25,65516
"584",2025-07-01 18:15:00,0.03,25,65516
"585",2025-07-01 18:30:00,0.03,25,65516
"586",2025-07-01 18:45:00,0.01,25,65516
"587",2025-07-01 23:00:00,0.01,25,65516
"588",2025-07-01 23:30:00,0.01,25,65516
"589",2025-07-02 00:45:00,0.01,25,65516
"590",2025-07-02 04:30:00,0.01,25,65516
"591",2025-07-02 05:30:00,0.01,25,65516
"592",2025-07-02 08:30:00,0.01,25,65516
"593",2025-07-02 08:45:00,0.01,25,65516
"594",2025-07-03 19:15:00,0.04,25,65517
"595",2025-07-03 19:30:00,0.07,25,65517
"596",2025-07-08 17:15:00,0.33,25,65518
"597",2025-07-08 17:30:00,0.35,25,65518
"598",2025-07-08 17:45:00,0.06,25,65518
"599",2025-07-08 18:00:00,0.01,25,65518
"600",2025-07-08 18:15:00,0.05,25,65518
"601",2025-07-08 18:30:00,0.03,25,65518
"602",2025-07-08 18:45:00,0.02,25,65518
"603",2025-07-08 19:00:00,0.03,25,65518
"604",2025-07-08 19:15:00,0.02,25,65518
"605",2025-07-08 19:30:00,0.02,25,65518
"606",2025-07-09 19:15:00,0.02,25,65519
"607",2025-07-09 19:30:00,0.15,25,65519
"608",2025-07-09 19:45:00,0.49,25,65519
"609",2025-07-09 20:00:00,0.07,25,65519
"610",2025-07-09 20:15:00,0.02,25,65519
"611",2025-07-09 20:30:00,0.07,25,65519
"612",2025-07-09 20:45:00,0.03,25,65519
"613",2025-07-09 21:00:00,0.05,25,65519
"614",2025-07-09 21:15:00,0.04,25,65519
"615",2025-07-09 21:30:00,0.05,25,65519
"616",2025-07-09 21:45:00,0.04,25,65519
"617",2025-07-09 22:00:00,0.04,25,65519
"618",2025-07-09 22:15:00,0.01,25,65519
"619",2025-07-10 06:00:00,0.01,25,NA
"620",2025-07-14 18:30:00,0.02,25,65520
"621",2025-07-14 18:45:00,0.02,25,65520
"622",2025-07-14 19:00:00,0.03,25,65520
"623",2025-07-14 19:15:00,0.02,25,65520
"624",2025-07-14 19:30:00,0.02,25,65520
"625",2025-07-14 19:45:00,0.01,25,65520
"626",2025-07-14 20:00:00,0.01,25,65520
"627",2025-07-14 20:15:00,0.01,25,65520
"628",2025-07-14 20:30:00,0.02,25,65520
"629",2025-07-14 20:45:00,0.01,25,65520
"630",2025-07-14 21:00:00,0.01,25,65520
"631",2025-07-15 11:00:00,0.02,25,NA
"632",2025-07-15 11:15:00,0.01,25,NA
"633",2025-07-16 22:45:00,0.01,25,65521
"634",2025-07-16 23:00:00,0.01,25,65521
"635",2025-07-16 23:30:00,0.01,25,65521
"636",2025-07-16 23:45:00,0.03,25,65521
"637",2025-07-17,0.03,25,65521
"638",2025-07-17 00:15:00,0.02,25,65521
"639",2025-07-17 00:30:00,0.01,25,65521
"640",2025-07-17 00:45:00,0.01,25,65521
"641",2025-07-19 06:00:00,0.01,25,NA
"642",2025-07-19 11:30:00,0.02,25,NA
"643",2025-07-19 11:45:00,0.01,25,NA
"644",2025-07-20 12:15:00,0.02,25,65522
"645",2025-07-20 12:30:00,0.12,25,65522
"646",2025-07-25 16:45:00,0.06,25,NA
"647",2025-07-27 01:30:00,0.04,25,65523
"648",2025-07-27 01:45:00,0.18,25,65523
"649",2025-07-27 02:00:00,0.03,25,65523
"650",2025-07-27 02:15:00,0.04,25,65523
"651",2025-07-27 02:30:00,0.02,25,65523
"652",2025-07-27 10:15:00,0.01,25,65524
"653",2025-07-27 15:30:00,0.04,25,65524
"654",2025-07-27 16:45:00,0.2,25,65524
"655",2025-07-31 13:30:00,0.04,25,NA
"656",2025-07-31 13:45:00,0.67,25,NA
"657",2025-07-31 14:00:00,0.29,25,NA
"658",2025-07-31 14:15:00,0.07,25,NA
"659",2025-07-31 15:00:00,0.06,25,NA
"660",2025-07-31 15:15:00,0.01,25,NA
"661",2025-07-31 15:30:00,0.01,25,NA
"662",2025-07-31 15:45:00,0.01,25,NA
"663",2025-07-31 16:00:00,0.03,25,NA
"664",2025-07-31 16:15:00,0.03,25,NA
"665",2025-07-31 16:30:00,0.01,25,NA
"666",2025-07-31 16:45:00,0.01,25,NA
"667",2025-07-31 17:00:00,0.01,25,NA
"668",2025-07-31 17:15:00,0.02,25,NA
"669",2025-07-31 18:00:00,0.01,25,NA
"670",2025-07-31 18:15:00,0.03,25,NA
"671",2025-07-31 18:30:00,0.01,25,NA
"672",2025-07-31 19:00:00,0.01,25,NA
"673",2025-07-31 19:15:00,0.01,25,NA
